step,error
500,1.096852421760559
1000,1.0968714952468872
1500,1.0971208810806274
2000,1.0981990098953247
2500,1.0981990098953247
