drift_sim,drift_real_m
0.00011162300506839529,711.1501652907464
